,precision,recall,f1-score,support
bacterial_leaf_blight,1.0,1.0,1.0,88.0
brown_spot,0.8617021276595744,0.9204545454545454,0.8901098901098901,88.0
healthy,0.8936170212765957,0.9545454545454546,0.9230769230769231,88.0
leaf_blast,0.9102564102564102,0.8068181818181818,0.8554216867469879,88.0
leaf_scald,1.0,1.0,1.0,88.0
narrow_brown_spot,1.0,0.9772727272727273,0.9885057471264368,88.0
accuracy,0.9431818181818182,0.9431818181818182,0.9431818181818182,0.9431818181818182
macro avg,0.9442625931987635,0.9431818181818182,0.9428523745100397,528.0
weighted avg,0.9442625931987634,0.9431818181818182,0.9428523745100397,528.0
